{"sub-scale":0.500000,"volume":40.633320}