{"volume":42.250000,"sub-scale":0.400000}