{"volume":44.333332,"sub-scale":0.400000}